id,first_name,last_name,email,gender,ip_address
1,Cassie,Kemson,ckemson0@oakley.com,Female,130.121.200.178
2,Gwen,Tunniclisse,gtunniclisse1@cam.ac.uk,Female,103.240.247.74
3,Chlo,Gaskill,cgaskill2@walmart.com,Female,163.81.182.155
4,Ritchie,Ciobotaro,rciobotaro3@skype.com,Male,57.213.205.80
5,Barrie,Kahen,bkahen4@dailymotion.com,Male,87.204.184.236
6,Dee dee,Pilbury,dpilbury5@xing.com,Female,67.28.62.25
7,Harlene,Ewbanke,hewbanke6@cocolog-nifty.com,Female,198.36.156.51
8,Zerk,Lindgren,zlindgren7@si.edu,Male,66.109.67.15
9,Abrahan,Armsby,aarmsby8@theguardian.com,Male,12.187.168.241
10,Aryn,Climie,aclimie9@odnoklassniki.ru,Female,221.17.91.85
11,Juli,Peddie,jpeddiea@icio.us,Female,92.241.169.40
12,Van,Hornbuckle,vhornbuckleb@mail.ru,Female,235.76.137.112
13,Elfie,Barroux,ebarrouxc@nifty.com,Female,216.110.139.245
14,Sudhanshu,Garg,igulkd@ehow.com,Female,216.46.254.200
15,Lynn,Yexley,lyexleye@harvard.edu,Female,112.187.237.6
16,Earlie,Killough,ekilloughf@army.mil,Male,27.180.223.21
17,Farica,Gerin,fgering@state.gov,Female,64.31.126.188
18,Clarence,Kermott,ckermotth@e-recht24.de,Male,84.247.120.11
19,Kariotta,Skettles,kskettlesi@theatlantic.com,Female,132.106.141.228
20,Chris,Lissett,clissettj@cpanel.net,Male,226.2.148.96
21,Judon,Cordell,jcordellk@163.com,Male,220.146.219.192
22,Stearn,Salleir,ssalleirl@tripadvisor.com,Male,91.255.94.182
23,Johnna,Borgars,jborgarsm@dropbox.com,Female,182.70.219.181
24,Worth,Bielfeldt,wbielfeldtn@independent.co.uk,Male,54.152.34.50
25,Carlota,Cheshire,ccheshireo@cargocollective.com,Female,36.50.104.121
26,Alano,Reiners,areinersp@mapy.cz,Male,10.32.87.190
27,Helenelizabeth,Shemming,hshemmingq@dailymotion.com,Female,234.121.199.199
28,Chester,Densun,cdensunr@sohu.com,Male,227.82.107.7
29,Marquita,Astley,mastleys@barnesandnoble.com,Female,159.247.139.215
30,Eldon,Keeltagh,ekeeltaght@facebook.com,Male,170.10.2.39
31,Janina,Kirkham,jkirkhamu@hp.com,Female,28.121.60.152
32,Lu,Blenkensop,lblenkensopv@purevolume.com,Female,150.178.174.75
33,Alphard,Keane,akeanew@nytimes.com,Male,237.60.9.26
34,Caritta,Greader,cgreaderx@opensource.org,Female,92.229.61.189
35,Dannye,Mahmood,dmahmoody@mac.com,Female,102.17.151.207
36,Neal,Cadwaladr,ncadwaladrz@topsy.com,Male,93.232.12.172
37,Alfie,Goare,agoare10@cornell.edu,Female,240.14.27.225
38,Theo,Renihan,trenihan11@quantcast.com,Female,234.40.54.245
39,Upton,Fattori,ufattori12@slideshare.net,Male,126.8.102.101
40,Barbie,Fynan,bfynan13@woothemes.com,Female,104.196.56.18
41,Leland,Parkhouse,lparkhouse14@eepurl.com,Male,53.249.14.188
42,Jodi,Rickardsson,jrickardsson15@techcrunch.com,Female,175.78.243.0
43,Elwood,Jagson,ejagson16@samsung.com,Male,143.234.187.163
44,Nicolai,Need,nneed17@exblog.jp,Male,132.255.99.118
45,Maggy,Smedley,msmedley18@flickr.com,Female,102.43.143.64
46,Jermain,Martine,jmartine19@fc2.com,Male,207.208.26.214
47,Ethan,Reedick,ereedick1a@gnu.org,Male,255.212.243.147
48,Nadia,Pidduck,npidduck1b@goo.gl,Female,229.233.150.141
49,Renato,Redhole,rredhole1c@mlb.com,Male,122.68.142.202
50,Matthieu,Kempson,mkempson1d@discuz.net,Male,157.175.210.107
51,Mabel,Elkington,melkington1e@yale.edu,Female,22.130.46.131
52,Wendall,Darrow,wdarrow1f@nbcnews.com,Male,221.130.253.200
53,Blondy,Scammell,bscammell1g@arizona.edu,Female,139.15.118.102
54,Brear,Fosserd,bfosserd1h@theatlantic.com,Female,232.116.98.64
55,Annalise,Meehan,ameehan1i@macromedia.com,Female,87.30.19.123
56,Diena,Celes,dceles1j@tamu.edu,Female,156.188.143.193
57,Licha,Meachem,lmeachem1k@cbc.ca,Female,172.124.180.44
58,Gonzalo,Langforth,glangforth1l@123-reg.co.uk,Male,118.25.255.157
59,Auberon,McGuigan,amcguigan1m@icio.us,Male,66.168.222.169
60,Estevan,Kerry,ekerry1n@people.com.cn,Male,14.253.50.83
61,Kelwin,Spincke,kspincke1o@typepad.com,Male,23.52.191.223
62,Drucill,Creaven,dcreaven1p@sitemeter.com,Female,137.149.92.217
63,Barbi,Chrismas,bchrismas1q@hp.com,Female,155.243.155.161
64,Pet,Pidgen,ppidgen1r@wikia.com,Female,51.239.56.42
65,Craggie,Paunton,cpaunton1s@edublogs.org,Male,214.15.200.166
66,Harriet,Besantie,hbesantie1t@rediff.com,Female,130.53.97.228
67,Alistair,Sibray,asibray1u@elegantthemes.com,Male,65.52.249.236
68,Sandy,Schaumaker,sschaumaker1v@etsy.com,Male,145.65.149.159
69,Kalle,Brannon,kbrannon1w@geocities.jp,Male,233.36.11.221
70,Laraine,Berrick,lberrick1x@cafepress.com,Female,112.229.149.90
71,Andy,De Matteis,adematteis1y@hhs.gov,Female,26.50.90.218
72,Sheffie,Bownd,sbownd1z@oaic.gov.au,Male,126.8.167.79
73,Cathee,De Nisco,cdenisco20@icio.us,Female,235.214.104.205
74,Fay,Yushachkov,fyushachkov21@howstuffworks.com,Female,180.200.208.96
75,Norman,Dockrill,ndockrill22@uol.com.br,Male,34.110.223.120
76,Hilary,Swaisland,hswaisland23@chicagotribune.com,Male,106.123.94.212
77,Lewiss,Kief,lkief24@omniture.com,Male,75.111.188.221
78,Tobe,Geyton,tgeyton25@chron.com,Male,67.92.251.33
79,Simona,Cess,scess26@desdev.cn,Female,196.32.184.156
80,Thibaud,Bondar,tbondar27@cnn.com,Male,48.244.3.2
81,Inness,Manilove,imanilove28@arstechnica.com,Male,28.141.246.233
82,Steward,Salzen,ssalzen29@about.me,Male,213.0.208.108
83,Killie,Hewkin,khewkin2a@acquirethisname.com,Male,89.219.56.59
84,Vail,Rumbold,vrumbold2b@networksolutions.com,Male,239.40.146.35
85,Rabi,Stelfax,rstelfax2c@independent.co.uk,Male,95.102.9.250
86,Erica,Duffield,eduffield2d@kickstarter.com,Female,51.12.212.28
87,Aeriel,Quinton,aquinton2e@live.com,Female,158.32.59.27
88,Maude,Firminger,mfirminger2f@t.co,Female,201.163.19.85
89,Norbie,Skrine,nskrine2g@addtoany.com,Male,235.151.202.216
90,Rheta,Havock,rhavock2h@webs.com,Female,120.89.159.15
91,Holly,Bolduc,hbolduc2i@yolasite.com,Male,64.214.250.83
92,Danella,Huddlestone,dhuddlestone2j@wisc.edu,Female,3.215.53.141
93,Itch,Walsh,iwalsh2k@tinypic.com,Male,83.142.88.143
94,Haley,Livingstone,hlivingstone2l@cnn.com,Male,133.215.209.12
95,Lucian,Davidy,ldavidy2m@yale.edu,Male,83.189.31.190
96,Sunny,McAloren,smcaloren2n@fastcompany.com,Male,50.188.68.218
97,Drusie,Bearns,dbearns2o@toplist.cz,Female,144.222.31.30
98,Chiquita,Coppins,ccoppins2p@slideshare.net,Female,107.61.163.117
99,Leontyne,Raulin,lraulin2q@privacy.gov.au,Female,132.131.79.209
100,Chloette,Stelle,cstelle2r@skyrock.com,Female,177.163.72.236